,dont_sort,sort
inner,0.015659093856811523,0.034551024436950684
outer,0.017771482467651367,0.0384674072265625
left,0.015186905860900879,0.03605246543884277
right,0.015612483024597168,0.03606903553009033
